{"cameraMode":{"drawMode":0,"name":"Shaded","section":"Shading Mode"},"sceneLighting":false,"audioPlay":false,"sceneViewState":{"showFog":true,"showMaterialUpdate":false,"showSkybox":false,"showFlares":true,"showImageEffects":true,"showParticleSystems":true},"in2DMode":false,"pivot":{"x":-8.770000457763672,"y":-1.958901286125183,"z":-3.2303199768066408},"rotation":{"x":0.01620492897927761,"y":0.6504165530204773,"z":-0.01383583340793848,"w":0.759304940700531},"size":9.706332206726075,"orthographic":false}