{"cameraMode":{"drawMode":0,"name":"Shaded","section":"Shading Mode"},"sceneLighting":true,"audioPlay":false,"sceneViewState":{"showFog":true,"showMaterialUpdate":false,"showSkybox":true,"showFlares":true,"showImageEffects":true,"showParticleSystems":true},"in2DMode":false,"pivot":{"x":-31.73378562927246,"y":-189.98294067382813,"z":57.37844467163086},"rotation":{"x":-0.5918201208114624,"y":-0.0007255974924191833,"z":0.0005352456937544048,"w":-0.806078314781189},"size":308.0887756347656,"orthographic":false}