{"cameraMode":{"drawMode":0,"name":"Shaded","section":"Shading Mode"},"sceneLighting":true,"audioPlay":false,"sceneViewState":{"showFog":true,"showMaterialUpdate":false,"showSkybox":true,"showFlares":true,"showImageEffects":true,"showParticleSystems":true},"in2DMode":false,"pivot":{"x":-31.0443115234375,"y":-6.326789379119873,"z":39.43077850341797},"rotation":{"x":0.2532615661621094,"y":-0.035403233021497729,"z":0.009428621269762516,"w":0.9667521119117737},"size":41.2880859375,"orthographic":false}