{"cameraMode":{"drawMode":0,"name":"Shaded","section":"Shading Mode"},"sceneLighting":false,"audioPlay":false,"sceneViewState":{"showFog":true,"showMaterialUpdate":false,"showSkybox":false,"showFlares":true,"showImageEffects":true,"showParticleSystems":true},"in2DMode":false,"pivot":{"x":-23.805614471435548,"y":4.496538162231445,"z":9.376349449157715},"rotation":{"x":0.4733326733112335,"y":0.0465562678873539,"z":-0.025035135447978975,"w":0.8793199062347412},"size":32.47285079956055,"orthographic":false}