{"cameraMode":{"drawMode":0,"name":"Shaded","section":"Shading Mode"},"sceneLighting":true,"audioPlay":false,"sceneViewState":{"showFog":true,"showMaterialUpdate":false,"showSkybox":true,"showFlares":true,"showImageEffects":true,"showParticleSystems":true},"in2DMode":false,"pivot":{"x":-1040.530517578125,"y":-2057.402587890625,"z":209.26524353027345},"rotation":{"x":-0.40139320492744448,"y":0.5505996346473694,"z":-0.34228384494781496,"w":-0.6470872759819031},"size":2412.739501953125,"orthographic":false}