{"cameraMode":{"drawMode":0,"name":"Shaded","section":"Shading Mode"},"sceneLighting":true,"audioPlay":false,"sceneViewState":{"showFog":true,"showMaterialUpdate":false,"showSkybox":true,"showFlares":true,"showImageEffects":true,"showParticleSystems":true},"in2DMode":false,"pivot":{"x":238.236328125,"y":-352.8795166015625,"z":30.109525680541993},"rotation":{"x":0.320315420627594,"y":0.627347469329834,"z":-0.31613731384277346,"w":0.6355569362640381},"size":461.4996032714844,"orthographic":false}