{"cameraMode":{"drawMode":0,"name":"Shaded","section":"Shading Mode"},"sceneLighting":true,"audioPlay":false,"sceneViewState":{"showFog":true,"showMaterialUpdate":false,"showSkybox":true,"showFlares":true,"showImageEffects":true,"showParticleSystems":true},"in2DMode":false,"pivot":{"x":-39.78302001953125,"y":45.674285888671878,"z":28.186573028564454},"rotation":{"x":0.46318504214286806,"y":-0.5300687551498413,"z":0.4413866102695465,"w":0.5565559267997742},"size":61.94181442260742,"orthographic":false}