{"cameraMode":{"drawMode":0,"name":"Shaded","section":"Shading Mode"},"sceneLighting":false,"audioPlay":false,"sceneViewState":{"showFog":true,"showMaterialUpdate":false,"showSkybox":false,"showFlares":true,"showImageEffects":true,"showParticleSystems":true},"in2DMode":false,"pivot":{"x":9.5367431640625e-7,"y":0.5000001192092896,"z":-0.0000019073486328125},"rotation":{"x":0.01620492897927761,"y":0.6504165530204773,"z":-0.01383583340793848,"w":0.759304940700531},"size":46.699039459228519,"orthographic":false}