{"cameraMode":{"drawMode":0,"name":"Shaded","section":"Shading Mode"},"sceneLighting":true,"audioPlay":false,"sceneViewState":{"showFog":true,"showMaterialUpdate":false,"showSkybox":true,"showFlares":true,"showImageEffects":true,"showParticleSystems":true},"in2DMode":false,"pivot":{"x":-28.508926391601564,"y":0.7856647968292236,"z":18.523303985595704},"rotation":{"x":-0.6647095680236816,"y":-0.029785020276904107,"z":0.026536788791418077,"w":-0.746042013168335},"size":9.826050758361817,"orthographic":false}