{"count":1,"self":103.86163839999999,"total":151.42106379999998,"children":{"InitializeSensors":{"count":24,"self":0.0020001999999999997,"total":0.0020001999999999997,"children":null},"AgentSendState":{"count":7314,"self":2.0334854,"total":4.3619935,"children":{"CollectObservations":{"count":43884,"self":1.8843983999999998,"total":1.8843983999999998,"children":null},"CollectDiscreteActionMasks":{"count":43884,"self":0.4441097,"total":0.4441097,"children":null}}},"DecideAction":{"count":7314,"self":42.404947199999995,"total":42.404948499999996,"children":null},"AgentAct":{"count":7314,"self":0.78748279999999993,"total":0.78748279999999993,"children":null}},"gauges":{"My Behavior.CumulativeReward":{"count":125,"max":31.3857327,"min":-13.94725,"runningAverage":0.2852162,"value":18.4110527,"weightedAverage":8.49481}},"metadata":{"timer_format_version":"0.1.0","start_time_seconds":"1602696560","unity_version":"2019.3.6f1","command_line_arguments":"C:\\Program Files\\Unity\\Hub\\Editor\\2019.3.6f1\\Editor\\Unity.exe -projectpath C:\/Users\/jakub.prusakiewicz\/ML_Cars\/ML_Cars\/ML_Cars -useHub -hubIPC -cloudEnvironment production -hubSessionId 32babcd0-0e30-11eb-bc69-615fefc82fdd","communication_protocol_version":"1.0.0","com.unity.ml-agents_version":"1.1.0-preview","scene_name":"mainScene","end_time_seconds":"1602696712"}}