{
    "name": "root",
    "gauges": {
        "CarDrive1_MyBehavior.Policy.Entropy.mean": {
            "value": 1.3905071020126343,
            "min": 1.3905071020126343,
            "max": 1.4198522567749023,
            "count": 50
        },
        "CarDrive1_MyBehavior.Policy.ExtrinsicValueEstimate.mean": {
            "value": 3.933117628097534,
            "min": -0.0008367247064597905,
            "max": 3.933117628097534,
            "count": 50
        },
        "CarDrive1_MyBehavior.Environment.EpisodeLength.mean": {
            "value": 11745.0,
            "min": 576.0,
            "max": 14975.0,
            "count": 25
        },
        "CarDrive1_MyBehavior.Environment.CumulativeReward.mean": {
            "value": 275.65728126466274,
            "min": -3.2628695610910654,
            "max": 275.65728126466274,
            "count": 25
        },
        "CarDrive1_MyBehavior.Policy.ExtrinsicReward.mean": {
            "value": 275.65728126466274,
            "min": -3.2628695610910654,
            "max": 275.65728126466274,
            "count": 25
        },
        "CarDrive1_MyBehavior.IsTraining.mean": {
            "value": 1.0,
            "min": 1.0,
            "max": 1.0,
            "count": 50
        },
        "CarDrive1_MyBehavior.Losses.ValueLoss.mean": {
            "value": 0.08927809447050095,
            "min": 0.010452032089233398,
            "max": 0.09177939593791962,
            "count": 48
        },
        "CarDrive1_MyBehavior.Losses.PolicyLoss.mean": {
            "value": 0.02478497102856636,
            "min": 0.016652770340442657,
            "max": 0.03127250820398331,
            "count": 48
        },
        "CarDrive1_MyBehavior.Policy.LearningRate.mean": {
            "value": 3.020498752448475e-06,
            "min": 3.020498752448475e-06,
            "max": 0.00029383384389802814,
            "count": 48
        }
    },
    "metadata": {
        "timer_format_version": "0.1.0",
        "start_time_seconds": "1592584185",
        "python_version": "3.7.6 (default, Jan  8 2020, 20:23:39) [MSC v.1916 64 bit (AMD64)]",
        "command_line_arguments": "C:\\Users\\jakub.prusakiewicz\\AppData\\Local\\Continuum\\miniconda3\\Scripts\\mlagents-learn config/trainer_config.yaml --run-id=CarDrive1 --force",
        "mlagents_version": "0.16.1",
        "mlagents_envs_version": "0.16.1",
        "communication_protocol_version": "1.0.0",
        "tensorflow_version": "2.0.0",
        "end_time_seconds": "1592585424"
    },
    "total": 1238.724777,
    "count": 1,
    "self": 0.8012864999998328,
    "children": {
        "run_training.setup": {
            "total": 0.012687700000000746,
            "count": 1,
            "self": 0.012687700000000746
        },
        "TrainerController.start_learning": {
            "total": 1237.9108028,
            "count": 1,
            "self": 49.31596989999275,
            "children": {
                "TrainerController._reset_env": {
                    "total": 10.3618822,
                    "count": 1,
                    "self": 10.3618822
                },
                "TrainerController.advance": {
                    "total": 1172.0841102000072,
                    "count": 55590,
                    "self": 1.2272623999861025,
                    "children": {
                        "env_step": {
                            "total": 1170.8568478000211,
                            "count": 55590,
                            "self": 1019.7393337000481,
                            "children": {
                                "SubprocessEnvManager._take_step": {
                                    "total": 149.81952739998184,
                                    "count": 55590,
                                    "self": 3.5292400999871916,
                                    "children": {
                                        "NNPolicy.evaluate": {
                                            "total": 146.29028729999465,
                                            "count": 55590,
                                            "self": 146.29028729999465
                                        }
                                    }
                                },
                                "workers": {
                                    "total": 1.2979866999912133,
                                    "count": 55590,
                                    "self": 0.0,
                                    "children": {
                                        "worker_root": {
                                            "total": 1220.623104499983,
                                            "count": 55590,
                                            "is_parallel": true,
                                            "self": 360.6864549999633,
                                            "children": {
                                                "steps_from_proto": {
                                                    "total": 0.0005711000000001576,
                                                    "count": 1,
                                                    "is_parallel": true,
                                                    "self": 0.0001886000000013155,
                                                    "children": {
                                                        "_process_vector_observation": {
                                                            "total": 0.0003824999999988421,
                                                            "count": 2,
                                                            "is_parallel": true,
                                                            "self": 0.0003824999999988421
                                                        }
                                                    }
                                                },
                                                "UnityEnvironment.step": {
                                                    "total": 859.9360784000196,
                                                    "count": 55590,
                                                    "is_parallel": true,
                                                    "self": 7.505625900047335,
                                                    "children": {
                                                        "UnityEnvironment._generate_step_input": {
                                                            "total": 36.30469039999612,
                                                            "count": 55590,
                                                            "is_parallel": true,
                                                            "self": 36.30469039999612
                                                        },
                                                        "communicator.exchange": {
                                                            "total": 793.2174610999831,
                                                            "count": 55590,
                                                            "is_parallel": true,
                                                            "self": 793.2174610999831
                                                        },
                                                        "steps_from_proto": {
                                                            "total": 22.90830099999298,
                                                            "count": 55590,
                                                            "is_parallel": true,
                                                            "self": 7.923453499966403,
                                                            "children": {
                                                                "_process_vector_observation": {
                                                                    "total": 14.984847500026579,