{
    "name": "root",
    "gauges": {
        "CarDrive1_MyBehavior.Policy.Entropy.mean": {
            "value": 1.4023762941360474,
            "min": 1.4023762941360474,
            "max": 1.4432934522628784,
            "count": 28
        },
        "CarDrive1_MyBehavior.Policy.ExtrinsicValueEstimate.mean": {
            "value": 1.2376452684402466,
            "min": -0.0003214020107407123,
            "max": 1.2376452684402466,
            "count": 28
        },
        "CarDrive1_MyBehavior.Environment.EpisodeLength.mean": {
            "value": 31131.0,
            "min": 735.0,
            "max": 31131.0,
            "count": 10
        },
        "CarDrive1_MyBehavior.Environment.CumulativeReward.mean": {
            "value": 287.17710392177105,
            "min": 0.8741717748343945,
            "max": 287.17710392177105,
            "count": 10
        },
        "CarDrive1_MyBehavior.Policy.ExtrinsicReward.mean": {
            "value": 287.17710392177105,
            "min": 0.8741717748343945,
            "max": 287.17710392177105,
            "count": 10
        },
        "CarDrive1_MyBehavior.IsTraining.mean": {
            "value": 1.0,
            "min": 1.0,
            "max": 1.0,
            "count": 28
        },
        "CarDrive1_MyBehavior.Losses.ValueLoss.mean": {
            "value": 0.0009231942822225392,
            "min": 0.0003483438631519675,
            "max": 0.005626125261187553,
            "count": 27
        },
        "CarDrive1_MyBehavior.Losses.PolicyLoss.mean": {
            "value": 0.02897164411842823,
            "min": 0.020409850403666496,
            "max": 0.028996305540204048,
            "count": 27
        },
        "CarDrive1_MyBehavior.Policy.LearningRate.mean": {
            "value": 0.00013251065684016794,
            "min": 0.00013251065684016794,
            "max": 0.00029381754575297236,
            "count": 27
        }
    },
    "metadata": {
        "timer_format_version": "0.1.0",
        "start_time_seconds": "1592511522",
        "python_version": "3.7.6 (default, Jan  8 2020, 20:23:39) [MSC v.1916 64 bit (AMD64)]",
        "command_line_arguments": "C:\\Users\\jakub.prusakiewicz\\AppData\\Local\\Continuum\\miniconda3\\Scripts\\mlagents-learn config/trainer_config.yaml --run-id=CarDrive1 --force",
        "mlagents_version": "0.16.1",
        "mlagents_envs_version": "0.16.1",
        "communication_protocol_version": "1.0.0",
        "tensorflow_version": "2.0.0",
        "end_time_seconds": "1592512356"
    },
    "total": 833.9608623,
    "count": 1,
    "self": 0.0010031000000481072,
    "children": {
        "run_training.setup": {
            "total": 0.0132494000000003,
            "count": 1,
            "self": 0.0132494000000003
        },
        "TrainerController.start_learning": {
            "total": 833.9466098,
            "count": 1,
            "self": 28.38821449999682,
            "children": {
                "TrainerController._reset_env": {
                    "total": 30.1866926,
                    "count": 1,
                    "self": 30.1866926
                },
                "TrainerController.advance": {
                    "total": 771.9023962000032,
                    "count": 32201,
                    "self": 0.7101360000013983,
                    "children": {
                        "env_step": {
                            "total": 771.1922602000018,
                            "count": 32201,
                            "self": 684.7914882000064,
                            "children": {
                                "SubprocessEnvManager._take_step": {
                                    "total": 85.63149299999236,
                                    "count": 32201,
                                    "self": 2.086498499985453,
                                    "children": {
                                        "NNPolicy.evaluate": {
                                            "total": 83.54499450000691,
                                            "count": 32201,
                                            "self": 83.54499450000691
                                        }
                                    }
                                },
                                "workers": {
                                    "total": 0.7692790000031096,
                                    "count": 32200,
                                    "self": 0.0,
                                    "children": {
                                        "worker_root": {
                                            "total": 704.8819231000043,
                                            "count": 32200,
                                            "is_parallel": true,
                                            "self": 205.68643500001292,
                                            "children": {
                                                "steps_from_proto": {
                                                    "total": 0.0007148000000007926,
                                                    "count": 1,
                                                    "is_parallel": true,
                                                    "self": 0.00025690000000011537,
                                                    "children": {
                                                        "_process_vector_observation": {
                                                            "total": 0.0004579000000006772,
                                                            "count": 2,
                                                            "is_parallel": true,
                                                            "self": 0.0004579000000006772
                                                        }
                                                    }
                                                },
                                                "UnityEnvironment.step": {
                                                    "total": 499.19477329999137,
                                                    "count": 32200,
                                                    "is_parallel": true,
                                                    "self": 4.486269300007734,
                                                    "children": {
                                                        "UnityEnvironment._generate_step_input": {
                                                            "total": 20.668220099995068,
                                                            "count": 32200,
                                                            "is_parallel": true,
                                                            "self": 20.668220099995068
                                                        },
                                                        "communicator.exchange": {
                                                            "total": 460.80617990000144,
                                                            "count": 32200,
                                                            "is_parallel": true,
                                                            "self": 460.80617990000144
                                                        },
                                                        "steps_from_proto": {
                                                            "total": 13.234103999987106,
                                                            "count": 32200,
                                                            "is_parallel": true,
                                                            "self": 4.582410899981177,
                                                            "children": {
                                                                "_process_vector_observation": {
                                                                    "total": 8.651693100005929,