{
    "name": "root",
    "gauges": {
        "CarDrive1_MyBehavior.Policy.Entropy.mean": {
            "value": 1.414874792098999,
            "min": 1.414874792098999,
            "max": 1.4192689657211304,
            "count": 7
        },
        "CarDrive1_MyBehavior.Policy.ExtrinsicValueEstimate.mean": {
            "value": 0.033133525401353836,
            "min": -0.051458731293678284,
            "max": 0.033133525401353836,
            "count": 7
        },
        "CarDrive1_MyBehavior.Environment.EpisodeLength.mean": {
            "value": 212.0,
            "min": 98.24242424242425,
            "max": 1023.4117647058823,
            "count": 7
        },
        "CarDrive1_MyBehavior.Environment.CumulativeReward.mean": {
            "value": 0.11133926319466396,
            "min": -0.9247217970696511,
            "max": 0.563287802535342,
            "count": 7
        },
        "CarDrive1_MyBehavior.Policy.ExtrinsicReward.mean": {
            "value": 0.11133926319466396,
            "min": -0.9247217970696511,
            "max": 0.563287802535342,
            "count": 7
        },
        "CarDrive1_MyBehavior.IsTraining.mean": {
            "value": 1.0,
            "min": 1.0,
            "max": 1.0,
            "count": 7
        },
        "CarDrive1_MyBehavior.Losses.ValueLoss.mean": {
            "value": 0.03604881465435028,
            "min": 0.021929698064923286,
            "max": 0.05600748211145401,
            "count": 6
        },
        "CarDrive1_MyBehavior.Losses.PolicyLoss.mean": {
            "value": 0.02466539479792118,
            "min": 0.02307402901351452,
            "max": 0.02779965288937092,
            "count": 6
        },
        "CarDrive1_MyBehavior.Policy.LearningRate.mean": {
            "value": 0.0002629697846714407,
            "min": 0.0002629697846714407,
            "max": 0.0002938109973911196,
            "count": 6
        }
    },
    "metadata": {
        "timer_format_version": "0.1.0",
        "start_time_seconds": "1592583475",
        "python_version": "3.7.6 (default, Jan  8 2020, 20:23:39) [MSC v.1916 64 bit (AMD64)]",
        "command_line_arguments": "C:\\Users\\jakub.prusakiewicz\\AppData\\Local\\Continuum\\miniconda3\\Scripts\\mlagents-learn config/trainer_config.yaml --run-id=CarDrive1 --force",
        "mlagents_version": "0.16.1",
        "mlagents_envs_version": "0.16.1",
        "communication_protocol_version": "1.0.0",
        "tensorflow_version": "2.0.0",
        "end_time_seconds": "1592583662"
    },
    "total": 186.874395,
    "count": 1,
    "self": 0.0009407000000010157,
    "children": {
        "run_training.setup": {
            "total": 0.013254800000000344,
            "count": 1,
            "self": 0.013254800000000344
        },
        "TrainerController.start_learning": {
            "total": 186.8601995,
            "count": 1,
            "self": 10.916449400000658,
            "children": {
                "TrainerController._reset_env": {
                    "total": 13.3062053,
                    "count": 1,
                    "self": 13.3062053
                },
                "TrainerController.advance": {
                    "total": 159.20683049999934,
                    "count": 8084,
                    "self": 0.18564779999937286,
                    "children": {
                        "env_step": {
                            "total": 159.02118269999997,
                            "count": 8084,
                            "self": 136.64353329999943,
                            "children": {
                                "SubprocessEnvManager._take_step": {
                                    "total": 22.186779099999406,
                                    "count": 8084,
                                    "self": 0.5332014999989987,
                                    "children": {
                                        "NNPolicy.evaluate": {
                                            "total": 21.653577600000407,
                                            "count": 8084,
                                            "self": 21.653577600000407
                                        }
                                    }
                                },
                                "workers": {
                                    "total": 0.19087030000114424,
                                    "count": 8083,
                                    "self": 0.0,
                                    "children": {
                                        "worker_root": {
                                            "total": 168.52441360000057,
                                            "count": 8083,
                                            "is_parallel": true,
                                            "self": 55.25120270000065,
                                            "children": {
                                                "steps_from_proto": {
                                                    "total": 0.000549300000001196,
                                                    "count": 1,
                                                    "is_parallel": true,
                                                    "self": 0.0001867000000004282,
                                                    "children": {
                                                        "_process_vector_observation": {
                                                            "total": 0.00036260000000076786,
                                                            "count": 2,
                                                            "is_parallel": true,
                                                            "self": 0.00036260000000076786
                                                        }
                                                    }
                                                },
                                                "UnityEnvironment.step": {
                                                    "total": 113.27266159999992,
                                                    "count": 8083,
                                                    "is_parallel": true,
                                                    "self": 1.1742901999995894,
                                                    "children": {
                                                        "UnityEnvironment._generate_step_input": {
                                                            "total": 5.284621600000541,
                                                            "count": 8083,
                                                            "is_parallel": true,
                                                            "self": 5.284621600000541
                                                        },
                                                        "communicator.exchange": {
                                                            "total": 103.46925820000028,
                                                            "count": 8083,
                                                            "is_parallel": true,
                                                            "self": 103.46925820000028
                                                        },
                                                        "steps_from_proto": {
                                                            "total": 3.344491599999511,
                                                            "count": 8083,
                                                            "is_parallel": true,
                                                            "self": 1.154854500000905,