{
    "name": "root",
    "gauges": {
        "CarDrive1_MyBehavior.Policy.Entropy.mean": {
            "value": 1.398441195487976,
            "min": 1.398441195487976,
            "max": 1.398441195487976,
            "count": 1
        },
        "CarDrive1_MyBehavior.Policy.ExtrinsicValueEstimate.mean": {
            "value": 1.1962250471115112,
            "min": 1.1962250471115112,
            "max": 1.1962250471115112,
            "count": 1
        },
        "CarDrive1_MyBehavior.IsTraining.mean": {
            "value": 1.0,
            "min": 1.0,
            "max": 1.0,
            "count": 1
        }
    },
    "metadata": {
        "timer_format_version": "0.1.0",
        "start_time_seconds": "1592510566",
        "python_version": "3.7.6 (default, Jan  8 2020, 20:23:39) [MSC v.1916 64 bit (AMD64)]",
        "command_line_arguments": "C:\\Users\\jakub.prusakiewicz\\AppData\\Local\\Continuum\\miniconda3\\Scripts\\mlagents-learn config/trainer_config.yaml --run-id=CarDrive1 --resume",
        "mlagents_version": "0.16.1",
        "mlagents_envs_version": "0.16.1",
        "communication_protocol_version": "1.0.0",
        "tensorflow_version": "2.0.0",
        "end_time_seconds": "1592510619"
    },
    "total": 52.744968099999994,
    "count": 1,
    "self": 0.0011375999999927444,
    "children": {
        "run_training.setup": {
            "total": 0.013498199999999905,
            "count": 1,
            "self": 0.013498199999999905
        },
        "TrainerController.start_learning": {
            "total": 52.7303323,
            "count": 1,
            "self": 6.385791900000235,
            "children": {
                "TrainerController._reset_env": {
                    "total": 11.189990600000002,
                    "count": 1,
                    "self": 11.189990600000002
                },
                "TrainerController.advance": {
                    "total": 31.61659889999976,
                    "count": 2017,
                    "self": 0.0429960999997725,
                    "children": {
                        "env_step": {
                            "total": 31.57360279999999,
                            "count": 2017,
                            "self": 25.91966239999989,
                            "children": {
                                "SubprocessEnvManager._take_step": {
                                    "total": 5.607607800000082,
                                    "count": 2017,
                                    "self": 0.11964850000005356,
                                    "children": {
                                        "NNPolicy.evaluate": {
                                            "total": 5.487959300000028,
                                            "count": 2017,
                                            "self": 5.487959300000028
                                        }
                                    }
                                },
                                "workers": {
                                    "total": 0.046332600000017266,
                                    "count": 2016,
                                    "self": 0.0,
                                    "children": {
                                        "worker_root": {
                                            "total": 36.667526299999835,
                                            "count": 2016,
                                            "is_parallel": true,
                                            "self": 14.45598949999982,
                                            "children": {
                                                "steps_from_proto": {
                                                    "total": 0.0004889000000005694,
                                                    "count": 1,
                                                    "is_parallel": true,
                                                    "self": 0.00015010000000081902,
                                                    "children": {
                                                        "_process_vector_observation": {
                                                            "total": 0.0003387999999997504,
                                                            "count": 2,
                                                            "is_parallel": true,
                                                            "self": 0.0003387999999997504
                                                        }
                                                    }
                                                },
                                                "UnityEnvironment.step": {
                                                    "total": 22.211047900000015,
                                                    "count": 2016,
                                                    "is_parallel": true,
                                                    "self": 0.2623060999998721,
                                                    "children": {
                                                        "UnityEnvironment._generate_step_input": {
                                                            "total": 0.8168966000000815,
                                                            "count": 2016,
                                                            "is_parallel": true,
                                                            "self": 0.8168966000000815
                                                        },
                                                        "communicator.exchange": {
                                                            "total": 20.432195299999986,
                                                            "count": 2016,
                                                            "is_parallel": true,
                                                            "self": 20.432195299999986
                                                        },
                                                        "steps_from_proto": {
                                                            "total": 0.6996499000000771,
                                                            "count": 2016,
                                                            "is_parallel": true,
                                                            "self": 0.27290399999970916,
                                                            "children": {
                                                                "_process_vector_observation": {
                                                                    "total": 0.42674590000036794,
                                                                    "count": 4032,
                                                                    "is_parallel": true,
                                                                    "self": 0.42674590000036794
                                                                }
                                                            }
                                                        }
                                                    }
                                                }
                                            }
                                        }
                                    }
                                }
                            }
                        }
                    }
                },
                "trainer_threads": {
                    "total": 3.480000000166683e-05,
                    "count": 1,
                    "self": 3.480000000166683e-05,
                    "children": {
                        "thread_root": {
                            "total": 0.0,
                            "count": 0,
                            "is_parallel": true,
                            "self": 0.0,