{
    "name": "root",
    "metadata": {
        "timer_format_version": "0.1.0",
        "start_time_seconds": "1592497422",
        "python_version": "3.7.6 (default, Jan  8 2020, 20:23:39) [MSC v.1916 64 bit (AMD64)]",
        "command_line_arguments": "C:\\Users\\jakub.prusakiewicz\\AppData\\Local\\Continuum\\miniconda3\\Scripts\\mlagents-learn config/trainer_config.yaml --run-id=CarDrive1",
        "mlagents_version": "0.16.1",
        "mlagents_envs_version": "0.16.1",
        "communication_protocol_version": "1.0.0",
        "tensorflow_version": "2.0.0",
        "end_time_seconds": "1592497538"
    },
    "total": 116.50661459999999,
    "count": 1,
    "self": 0.002232800000001589,
    "children": {
        "run_training.setup": {
            "total": 0.038399300000000025,
            "count": 1,
            "self": 0.038399300000000025
        },
        "TrainerController.start_learning": {
            "total": 116.4659825,
            "count": 1,
            "self": 10.106338600000385,
            "children": {
                "TrainerController._reset_env": {
                    "total": 7.370819,
                    "count": 1,
                    "self": 7.370819
                },
                "TrainerController.advance": {
                    "total": 95.65888019999962,
                    "count": 4774,
                    "self": 0.09760799999975234,
                    "children": {
                        "env_step": {
                            "total": 95.56127219999986,
                            "count": 4774,
                            "self": 82.46192119999952,
                            "children": {
                                "SubprocessEnvManager._take_step": {
                                    "total": 12.993381100000313,
                                    "count": 4774,
                                    "self": 0.2608945999999861,
                                    "children": {
                                        "NNPolicy.evaluate": {
                                            "total": 12.732486500000327,
                                            "count": 4767,
                                            "self": 12.732486500000327
                                        }
                                    }
                                },
                                "workers": {
                                    "total": 0.10596990000003004,
                                    "count": 4773,
                                    "self": 0.0,
                                    "children": {
                                        "worker_root": {
                                            "total": 104.32906560000005,
                                            "count": 4773,
                                            "is_parallel": true,
                                            "self": 30.049809199999842,
                                            "children": {
                                                "steps_from_proto": {
                                                    "total": 0.007430999999999521,
                                                    "count": 1,
                                                    "is_parallel": true,
                                                    "self": 0.0002772999999987036,
                                                    "children": {
                                                        "_process_vector_observation": {
                                                            "total": 0.007153700000000818,
                                                            "count": 2,
                                                            "is_parallel": true,
                                                            "self": 0.007153700000000818
                                                        }
                                                    }
                                                },
                                                "UnityEnvironment.step": {
                                                    "total": 74.27182540000021,
                                                    "count": 4773,
                                                    "is_parallel": true,
                                                    "self": 0.5657255000011219,
                                                    "children": {
                                                        "UnityEnvironment._generate_step_input": {
                                                            "total": 1.104665899999917,
                                                            "count": 4773,
                                                            "is_parallel": true,
                                                            "self": 1.104665899999917
                                                        },
                                                        "communicator.exchange": {
                                                            "total": 71.2600585999998,
                                                            "count": 4773,
                                                            "is_parallel": true,
                                                            "self": 71.2600585999998
                                                        },
                                                        "steps_from_proto": {
                                                            "total": 1.341375399999377,
                                                            "count": 4773,
                                                            "is_parallel": true,
                                                            "self": 0.5889443999991499,
                                                            "children": {
                                                                "_process_vector_observation": {
                                                                    "total": 0.752431000000227,
                                                                    "count": 9546,
                                                                    "is_parallel": true,
                                                                    "self": 0.752431000000227
                                                                }
                                                            }
                                                        }
                                                    }
                                                }
                                            }
                                        }
                                    }
                                }
                            }
                        }
                    }
                },
                "trainer_threads": {
                    "total": 2.709999999694901e-05,
                    "count": 1,
                    "self": 2.709999999694901e-05,
                    "children": {
                        "thread_root": {
                            "total": 0.0,
                            "count": 0,
                            "is_parallel": true,
                            "self": 0.0,
                            "children": {
                                "trainer_advance": {
                                    "total": 97.10277719999951,
                                    "count": 48092,
                                    "is_parallel": true,
                                    "self": 2.087491799999242,
                                    "children": {
                                        "process_trajectory": {
                                            "total": 95.01528540000027,
                                            "count": 48092,
                                            "is_parallel": true,